Theme,Sub Theme,Feature Name,Co-ordinates,lat,lon
Leisure/Recreation,Informal Outdoor Facility (Park/Garden/Reserve),North Melbourne Recreation Reserve,"-37.7988345257153, 144.941452061463",-37.7988345257153,144.941452061463
Leisure/Recreation,Informal Outdoor Facility (Park/Garden/Reserve),Princes Park,"-37.7870161727156, 144.961115214367",-37.7870161727156,144.961115214367
Leisure/Recreation,Informal Outdoor Facility (Park/Garden/Reserve),Argyle Square,"-37.8031480577285, 144.965761295089",-37.8031480577285,144.965761295089
Leisure/Recreation,Informal Outdoor Facility (Park/Garden/Reserve),Kings Domain,"-37.8255239795833, 144.974107925144",-37.8255239795833,144.974107925144
Leisure/Recreation,Informal Outdoor Facility (Park/Garden/Reserve),Federation Square,"-37.8178516571684, 144.968963600783",-37.8178516571684,144.968963600783
Leisure/Recreation,Informal Outdoor Facility (Park/Garden/Reserve),Flagstaff Gardens,"-37.8111222889277, 144.954696055235",-37.8111222889277,144.954696055235
Leisure/Recreation,Informal Outdoor Facility (Park/Garden/Reserve),Westgate Park,"-37.8314918578874, 144.908824792698",-37.8314918578874,144.908824792698
Leisure/Recreation,Informal Outdoor Facility (Park/Garden/Reserve),Newmarket Reserve,"-37.7878473341234, 144.922972125346",-37.7878473341234,144.922972125346
Leisure/Recreation,Informal Outdoor Facility (Park/Garden/Reserve),J.J Holland Park,"-37.7982358832177, 144.923837074813",-37.7982358832177,144.923837074813
Leisure/Recreation,Informal Outdoor Facility (Park/Garden/Reserve),Fitzroy Gardens,"-37.8129616331579, 144.980455714669",-37.8129616331579,144.980455714669
Leisure/Recreation,Informal Outdoor Facility (Park/Garden/Reserve),Richmond Football Club,"-37.8216740022008, 144.988156318781",-37.8216740022008,144.988156318781
Leisure/Recreation,Informal Outdoor Facility (Park/Garden/Reserve),Royal Botanic Gardens,"-37.8306631583233, 144.980850432751",-37.8306631583233,144.980850432751
Leisure/Recreation,Informal Outdoor Facility (Park/Garden/Reserve),Darling Square,"-37.81299206932, 144.989062559512",-37.81299206932,144.989062559512
Leisure/Recreation,Informal Outdoor Facility (Park/Garden/Reserve),Parliament Reserve,"-37.809852620638, 144.973462202839",-37.809852620638,144.973462202839
Leisure/Recreation,Informal Outdoor Facility (Park/Garden/Reserve),Macarthur Square,"-37.7983318676737, 144.971514146104",-37.7983318676737,144.971514146104
Leisure/Recreation,Informal Outdoor Facility (Park/Garden/Reserve),Shrine of Rembrance Reserve,"-37.8320733992876, 144.973628364465",-37.8320733992876,144.973628364465
Leisure/Recreation,Informal Outdoor Facility (Park/Garden/Reserve),Treasury Gardens,"-37.8143993575938, 144.975952335785",-37.8143993575938,144.975952335785
Leisure/Recreation,Informal Outdoor Facility (Park/Garden/Reserve),Queen Victoria Gardens,"-37.8216381244891, 144.971049530478",-37.8216381244891,144.971049530478
Leisure/Recreation,Informal Outdoor Facility (Park/Garden/Reserve),New Quay,"-37.8152178789077, 144.941617889032",-37.8152178789077,144.941617889032
Leisure/Recreation,Informal Outdoor Facility (Park/Garden/Reserve),Sandridge Rail Bridge,"-37.8201763042794, 144.96298113724",-37.8201763042794,144.96298113724
Leisure/Recreation,Informal Outdoor Facility (Park/Garden/Reserve),Birrarung Marr,"-37.81806108403, 144.97314667014",-37.81806108403,144.97314667014
Leisure/Recreation,Informal Outdoor Facility (Park/Garden/Reserve),University Square,"-37.800410711209, 144.960398319302",-37.800410711209,144.960398319302
Leisure/Recreation,Informal Outdoor Facility (Park/Garden/Reserve),Docklands Park,"-37.8209956785618, 144.946781702342",-37.8209956785618,144.946781702342
Leisure/Recreation,Informal Outdoor Facility (Park/Garden/Reserve),Point Park,"-37.8233522700646, 144.942102276731",-37.8233522700646,144.942102276731
Leisure/Recreation,Informal Outdoor Facility (Park/Garden/Reserve),Alexandra Gardens,"-37.8206051404251, 144.971796067365",-37.8206051404251,144.971796067365
Leisure/Recreation,Informal Outdoor Facility (Park/Garden/Reserve),Piazza Italia,"-37.8025164192523, 144.965863092947",-37.8025164192523,144.965863092947
Leisure/Recreation,Informal Outdoor Facility (Park/Garden/Reserve),Murchinson Square,"-37.8002735025371, 144.973059252203",-37.8002735025371,144.973059252203
Leisure/Recreation,Informal Outdoor Facility (Park/Garden/Reserve),Carlton Gardens North,"-37.8017690847403, 144.971997551189",-37.8017690847403,144.971997551189
Leisure/Recreation,Informal Outdoor Facility (Park/Garden/Reserve),Fawkner Park,"-37.8413996708186, 144.981625667877",-37.8413996708186,144.981625667877
Leisure/Recreation,Informal Outdoor Facility (Park/Garden/Reserve),Enterprize Park,"-37.820210269629, 144.959276859602",-37.820210269629,144.959276859602
Leisure/Recreation,Informal Outdoor Facility (Park/Garden/Reserve),Carlton Gardens South,"-37.8060684577258, 144.971266479841",-37.8060684577258,144.971266479841
Leisure/Recreation,Informal Outdoor Facility (Park/Garden/Reserve),Batman Park,"-37.8218460949601, 144.956665812218",-37.8218460949601,144.956665812218
Leisure/Recreation,Informal Outdoor Facility (Park/Garden/Reserve),Riverslide Skate Park,"-37.8207887122448, 144.972951789291",-37.8207887122448,144.972951789291
Leisure/Recreation,Informal Outdoor Facility (Park/Garden/Reserve),Royal Park,"-37.7906174256581, 144.953834240647",-37.7906174256581,144.953834240647
Leisure/Recreation,Informal Outdoor Facility (Park/Garden/Reserve),Yarra Park,"-37.820469374101, 144.986671109615",-37.820469374101,144.986671109615
Leisure/Recreation,Informal Outdoor Facility (Park/Garden/Reserve),Lincoln Square,"-37.8027919689732, 144.962760852233",-37.8027919689732,144.962760852233
Leisure/Recreation,Informal Outdoor Facility (Park/Garden/Reserve),Powlett Reserve,"-37.8116929882498, 144.987275671763",-37.8116929882498,144.987275671763
Place Of Assembly,Library,The Melbourne Athenaeum Library,"-37.8148855756416, 144.967291289941",-37.8148855756416,144.967291289941
Community Use,Public Buildings,State Library Victoria,"-37.8099852201226, 144.964330322397",-37.8099852201226,144.964330322397
Place Of Assembly,Art Gallery/Museum,Australian Centre for Contemporary Art,"-37.8266045432686, 144.967252924593",-37.8266045432686,144.967252924593
Place Of Assembly,Art Gallery/Museum,National Sports Museum,"-37.8189544909462, 144.984669809381",-37.8189544909462,144.984669809381
Community Use,Public Buildings,Supreme Court,"-37.8141494182814, 144.957894024264",-37.8141494182814,144.957894024264
Place Of Assembly,Art Gallery/Museum,Fox Classic Car Collection,"-37.8213744301481, 144.948496661709",-37.8213744301481,144.948496661709
Place Of Assembly,Art Gallery/Museum,Victorian Arts Centre,"-37.8219947335768, 144.968837288153",-37.8219947335768,144.968837288153
Community Use,Public Buildings,NGV International,"-37.8230135000869, 144.969342535451",-37.8230135000869,144.969342535451
Place Of Assembly,Art Gallery/Museum,The Ian Potter Museum Of Art,"-37.7973939595503, 144.964156669702",-37.7973939595503,144.964156669702
Community Use,Public Buildings,Conservatory,"-37.814002127195, 144.9785597431",-37.814002127195,144.9785597431
Place Of Assembly,Art Gallery/Museum,Koorie Heritage Trust Inc,"-37.8133854259085, 144.954027907736",-37.8133854259085,144.954027907736
Place Of Assembly,Art Gallery/Museum,Cooks' Cottage,"-37.8144604899837, 144.979471339826",-37.8144604899837,144.979471339826
Place Of Assembly,Art Gallery/Museum,Royal Exhibition Building,"-37.80460262432, 144.971521914952",-37.80460262432,144.971521914952
Community Use,Public Buildings,Melbourne Childrens Court,"-37.8125077646598, 144.958298873269",-37.8125077646598,144.958298873269
Community Use,Public Buildings,County Court Melbourne,"-37.8132011619962, 144.957734246387",-37.8132011619962,144.957734246387
Place Of Assembly,Art Gallery/Museum,Old Melbourne Gaol Crime & Justice Experience,"-37.8077644149636, 144.965463853978",-37.8077644149636,144.965463853978
Place Of Assembly,Art Gallery/Museum,Melbourne Museum,"-37.8035518129299, 144.971690718887",-37.8035518129299,144.971690718887
Community Use,Public Buildings,Elisabeth Murdoch Hall,"-37.8239733704282, 144.967450979234",-37.8239733704282,144.967450979234
Community Use,Public Buildings,Melbourne Recital Centre,"-37.8238327885805, 144.967682729667",-37.8238327885805,144.967682729667
Place Of Assembly,Art Gallery/Museum,The Museum Of Australian Chinese History,"-37.8107686127655, 144.96923385414",-37.8107686127655,144.96923385414
Community Use,Public Buildings,Sidney Myer Music Bowl,"-37.8233471608733, 144.974686151365",-37.8233471608733,144.974686151365
Place Of Assembly,Art Gallery/Museum,Immigration Museum,"-37.8191798798062, 144.960426777129",-37.8191798798062,144.960426777129
Place Of Assembly,Art Gallery/Museum,Fire Services Museum Victoria,"-37.8085761281612, 144.975373745366",-37.8085761281612,144.975373745366
Place Of Assembly,Art Gallery/Museum,Thoroughbred Racing Gallery,"-37.8188662730911, 144.9839700954",-37.8188662730911,144.9839700954
Community Use,Public Buildings,Melbourne Theatre Company,"-37.823930384816, 144.968297429894",-37.823930384816,144.968297429894
Community Use,Public Buildings,Shrine of Remembrance,"-37.8302080020387, 144.973441913623",-37.8302080020387,144.973441913623
Community Use,Public Buildings,Commonwealth Law Courts,"-37.8123961677596, 144.955823833257",-37.8123961677596,144.955823833257
Place Of Assembly,Art Gallery/Museum,Polly Woodside,"-37.8242574266145, 144.953478052064",-37.8242574266145,144.953478052064
Community Use,Public Buildings,Melbourne Town Hall,"-37.8150754791411, 144.966542722283",-37.8150754791411,144.966542722283
Place Of Assembly,Art Gallery/Museum,The Ian Potter Centre: NGV Australia,"-37.8174831423197, 144.969899048343",-37.8174831423197,144.969899048343
Place Of Assembly,Art Gallery/Museum,Victoria Police Museum,"-37.8222182774409, 144.954039975197",-37.8222182774409,144.954039975197
Community Use,Visitor Centre,Melbourne Visitor Centre,"-37.8177352402006, 144.967937138226",-37.8177352402006,144.967937138226
Place Of Assembly,Art Gallery/Museum,Australian Centre For The Moving Image (ACMI),"-37.8176107327202, 144.969070431323",-37.8176107327202,144.969070431323
Place Of Assembly,Art Gallery/Museum,Sinclair's Cottage,"-37.8145407488014, 144.980554992725",-37.8145407488014,144.980554992725
Community Use,Visitor Centre,Melbourne Visitor Booth,"-37.8139525061193, 144.964425882562",-37.8139525061193,144.964425882562
